"date","bundesland","impfungen_kumulativ","differenz_zum_vortag","indikation_nach_alter","berufliche_indikation","medizinische_indikation","pflegeheim_bewohner_in","x8","impfungen_pro_1_000_einwohner","x9","rs","x10","erstimpfung","x4","x5","x6","x7","zweitimpfung","erstimpfung_impfungenkumulativ_gesamt","erstimpfung_impfungenkumulativ_bio_n_tech","erstimpfung_impfungenkumulativ_moderna","erstimpfung_differenz_zum_vortag","erstimpfung_impfquote_percent","zweitimpfung_impfungenkumulativ","zweitimpfung_differenz_zum_vortag"
2021-01-17,"Baden-Württemberg",NA,NA,NA,NA,NA,NA,NA,NA,NA,"08",NA,NA,NA,NA,NA,NA,NA,114954,114954,0,5352,1.03558486302378,0,0
2021-01-17,"Bayern",NA,NA,NA,NA,NA,NA,NA,NA,NA,"09",NA,NA,NA,NA,NA,NA,NA,213837,213837,0,5296,1.62926693312026,0,0
2021-01-17,"Berlin",NA,NA,NA,NA,NA,NA,NA,NA,NA,"11",NA,NA,NA,NA,NA,NA,NA,52622,52162,460,1571,1.43404085198737,1933,1933
2021-01-17,"Brandenburg",NA,NA,NA,NA,NA,NA,NA,NA,NA,"12",NA,NA,NA,NA,NA,NA,NA,38474,38474,0,0,1.52560001554388,0,0
2021-01-17,"Bremen",NA,NA,NA,NA,NA,NA,NA,NA,NA,"04",NA,NA,NA,NA,NA,NA,NA,11845,11845,0,394,1.73883811263032,0,0
2021-01-17,"Hamburg",NA,NA,NA,NA,NA,NA,NA,NA,NA,"02",NA,NA,NA,NA,NA,NA,NA,24468,24468,0,1184,1.32456138926287,425,425
2021-01-17,"Hessen",NA,NA,NA,NA,NA,NA,NA,NA,NA,"06",NA,NA,NA,NA,NA,NA,NA,72816,72816,0,926,1.15800053434435,1736,1736
2021-01-17,"Mecklenburg-Vorpommern",NA,NA,NA,NA,NA,NA,NA,NA,NA,"13",NA,NA,NA,NA,NA,NA,NA,37564,37444,120,0,2.33586918535598,0,0
2021-01-17,"Niedersachsen",NA,NA,NA,NA,NA,NA,NA,NA,NA,"03",NA,NA,NA,NA,NA,NA,NA,90005,88766,1239,813,1.12596214375286,335,335
2021-01-17,"Nordrhein-Westfalen",NA,NA,NA,NA,NA,NA,NA,NA,NA,"05",NA,NA,NA,NA,NA,NA,NA,211779,211779,0,5728,1.18000998594713,968,906
2021-01-17,"Rheinland-Pfalz",NA,NA,NA,NA,NA,NA,NA,NA,NA,"07",NA,NA,NA,NA,NA,NA,NA,82810,81905,905,2879,2.02276409577853,350,350
2021-01-17,"Saarland",NA,NA,NA,NA,NA,NA,NA,NA,NA,"10",NA,NA,NA,NA,NA,NA,NA,15711,15711,0,250,1.59197557572448,0,0
2021-01-17,"Sachsen",NA,NA,NA,NA,NA,NA,NA,NA,NA,"14",NA,NA,NA,NA,NA,NA,NA,50002,50002,0,3019,1.22795570007743,155,155
2021-01-17,"Sachsen-Anhalt",NA,NA,NA,NA,NA,NA,NA,NA,NA,"15",NA,NA,NA,NA,NA,NA,NA,33148,33148,0,21,1.51030945214604,679,624
2021-01-17,"Schleswig-Holstein",NA,NA,NA,NA,NA,NA,NA,NA,NA,"01",NA,NA,NA,NA,NA,NA,NA,65849,65849,0,3524,2.26770481025893,0,0
2021-01-17,"Thüringen",NA,NA,NA,NA,NA,NA,NA,NA,NA,"16",NA,NA,NA,NA,NA,NA,NA,23413,23413,0,195,1.097461396902,0,0
2021-01-15,"Baden-Württemberg",100163,6708,52522,29956,3348,19421,NA,9.02337340458366,NA,"08",NA,NA,NA,NA,NA,NA,NA,NA,NA,NA,NA,NA,NA,NA
2021-01-15,"Bayern",198607,15034,47873,102769,3487,60466,NA,15.1322651265317,NA,"09",NA,NA,NA,NA,NA,NA,NA,NA,NA,NA,NA,NA,NA,NA
2021-01-15,"Berlin",48544,2546,30563,17738,105,24288,NA,13.2290827256423,NA,"11",NA,NA,NA,NA,NA,NA,NA,NA,NA,NA,NA,NA,NA,NA
2021-01-15,"Brandenburg",37993,4195,9067,28119,343,4502,NA,15.0652704139311,NA,"12",NA,NA,NA,NA,NA,NA,NA,NA,NA,NA,NA,NA,NA,NA
2021-01-15,"Bremen",11033,899,1246,5427,89,4135,NA,16.1963705332633,NA,"04",NA,NA,NA,NA,NA,NA,NA,NA,NA,NA,NA,NA,NA,NA
2021-01-15,"Hamburg",21951,1706,7822,9606,2270,5348,NA,11.8830501290294,NA,"02",NA,NA,NA,NA,NA,NA,NA,NA,NA,NA,NA,NA,NA,NA
2021-01-15,"Hessen",69925,4252,18056,39725,3952,27404,NA,11.1202465617486,NA,"06",NA,NA,NA,NA,NA,NA,NA,NA,NA,NA,NA,NA,NA,NA
2021-01-15,"Mecklenburg-Vorpommern",37570,1140,3454,18238,706,15991,NA,23.3624228766437,NA,"13",NA,NA,NA,NA,NA,NA,NA,NA,NA,NA,NA,NA,NA,NA
2021-01-15,"Niedersachsen",86035,7261,16901,45644,13058,38497,NA,10.7629746167188,NA,"03",NA,NA,NA,NA,NA,NA,NA,NA,NA,NA,NA,NA,NA,NA
2021-01-15,"Nordrhein-Westfalen",193857,15395,0,94237,0,99628,NA,10.8015051466742,NA,"05",NA,NA,NA,NA,NA,NA,NA,NA,NA,NA,NA,NA,NA,NA
2021-01-15,"Rheinland-Pfalz",73749,9270,22896,33721,20,17121,NA,18.0143496316351,NA,"07",NA,NA,NA,NA,NA,NA,NA,NA,NA,NA,NA,NA,NA,NA
2021-01-15,"Saarland",14421,1120,10634,2421,0,4899,NA,14.6126152234248,NA,"10",NA,NA,NA,NA,NA,NA,NA,NA,NA,NA,NA,NA,NA,NA
2021-01-15,"Sachsen",43451,4119,3555,34444,1,9006,NA,10.6707537946611,NA,"14",NA,NA,NA,NA,NA,NA,NA,NA,NA,NA,NA,NA,NA,NA
2021-01-15,"Sachsen-Anhalt",33182,1459,10605,16378,1352,14678,NA,15.1185858094335,NA,"15",NA,NA,NA,NA,NA,NA,NA,NA,NA,NA,NA,NA,NA,NA
2021-01-15,"Schleswig-Holstein",55670,2563,15838,21709,5456,18262,NA,19.1716087999992,NA,"01",NA,NA,NA,NA,NA,NA,NA,NA,NA,NA,NA,NA,NA,NA
2021-01-15,"Thüringen",22009,2092,4383,14578,413,2582,NA,10.3165027482237,NA,"16",NA,NA,NA,NA,NA,NA,NA,NA,NA,NA,NA,NA,NA,NA
2021-01-14,"Baden-Württemberg",92868,6872,49161,26901,3175,17614,NA,8.36618952444391,NA,"08",NA,NA,NA,NA,NA,NA,NA,NA,NA,NA,NA,NA,NA,NA
2021-01-14,"Bayern",183573,15658,44096,93673,3143,57247,NA,13.9867945544356,NA,"09",NA,NA,NA,NA,NA,NA,NA,NA,NA,NA,NA,NA,NA,NA
2021-01-14,"Berlin",45998,2196,28323,17386,105,23282,NA,12.5352535269878,NA,"11",NA,NA,NA,NA,NA,NA,NA,NA,NA,NA,NA,NA,NA,NA
2021-01-14,"Brandenburg",33263,5694,7410,25370,268,3545,NA,13.1896952011842,NA,"12",NA,NA,NA,NA,NA,NA,NA,NA,NA,NA,NA,NA,NA,NA
2021-01-14,"Bremen",10134,1099,1197,4786,89,3927,NA,14.8766445195405,NA,"04",NA,NA,NA,NA,NA,NA,NA,NA,NA,NA,NA,NA,NA,NA
2021-01-14,"Hamburg",19422,1272,6851,8250,2263,4486,NA,10.513990233065,NA,"02",NA,NA,NA,NA,NA,NA,NA,NA,NA,NA,NA,NA,NA,NA
2021-01-14,"Hessen",65673,3502,17201,37398,3700,25588,NA,10.4440465134031,NA,"06",NA,NA,NA,NA,NA,NA,NA,NA,NA,NA,NA,NA,NA,NA
2021-01-14,"Mecklenburg-Vorpommern",35355,2357,2976,17272,591,15315,NA,21.9850535215261,NA,"13",NA,NA,NA,NA,NA,NA,NA,NA,NA,NA,NA,NA,NA,NA
2021-01-14,"Niedersachsen",78050,6442,15628,40754,11732,35319,NA,9.76405147713023,NA,"03",NA,NA,NA,NA,NA,NA,NA,NA,NA,NA,NA,NA,NA,NA
2021-01-14,"Nordrhein-Westfalen",176801,25600,0,84253,0,92556,NA,9.85116302964119,NA,"05",NA,NA,NA,NA,NA,NA,NA,NA,NA,NA,NA,NA,NA,NA
2021-01-14,"Rheinland-Pfalz",64219,9154,17781,30548,16,15874,NA,15.6864977015821,NA,"07",NA,NA,NA,NA,NA,NA,NA,NA,NA,NA,NA,NA,NA,NA
2021-01-14,"Saarland",13301,1052,9796,2256,0,4461,NA,13.4777335196431,NA,"10",NA,NA,NA,NA,NA,NA,NA,NA,NA,NA,NA,NA,NA,NA
2021-01-14,"Sachsen",39332,4744,3005,31443,1,7888,NA,9.65920435091507,NA,"14",NA,NA,NA,NA,NA,NA,NA,NA,NA,NA,NA,NA,NA,NA
2021-01-14,"Sachsen-Anhalt",31723,2275,10103,15590,1311,14302,NA,14.4538273049442,NA,"15",NA,NA,NA,NA,NA,NA,NA,NA,NA,NA,NA,NA,NA,NA
2021-01-14,"Schleswig-Holstein",52740,4677,14965,19722,5453,18214,NA,18.162576757894,NA,"01",NA,NA,NA,NA,NA,NA,NA,NA,NA,NA,NA,NA,NA,NA
2021-01-14,"Thüringen",19230,2060,3428,13211,248,2150,NA,9.0138737720179,NA,"16",NA,NA,NA,NA,NA,NA,NA,NA,NA,NA,NA,NA,NA,NA
2021-01-13,"Baden-Württemberg",82300,5538,44631,24154,3032,13719,NA,7.41415124544228,NA,"08",NA,NA,NA,NA,NA,NA,NA,NA,NA,NA,NA,NA,NA,NA
2021-01-13,"Bayern",167915,17404,40128,84910,2880,53456,NA,12.7937801725094,NA,"09",NA,NA,NA,NA,NA,NA,NA,NA,NA,NA,NA,NA,NA,NA
2021-01-13,"Berlin",38408,2515,26527,11540,105,22520,NA,10.466846764306,NA,"11",NA,NA,NA,NA,NA,NA,NA,NA,NA,NA,NA,NA,NA,NA
2021-01-13,"Brandenburg",27102,7512,5612,21079,212,2545,NA,10.7466890942637,NA,"12",NA,NA,NA,NA,NA,NA,NA,NA,NA,NA,NA,NA,NA,NA
2021-01-13,"Bremen",8890,1137,1181,4066,88,3420,NA,13.0504608031098,NA,"04",NA,NA,NA,NA,NA,NA,NA,NA,NA,NA,NA,NA,NA,NA
2021-01-13,"Hamburg",18150,2129,6274,8161,1729,4195,NA,9.82540020235452,NA,"02",NA,NA,NA,NA,NA,NA,NA,NA,NA,NA,NA,NA,NA,NA
2021-01-13,"Hessen",62171,1827,16135,35893,3338,24013,NA,9.8871197567461,NA,"06",NA,NA,NA,NA,NA,NA,NA,NA,NA,NA,NA,NA,NA,NA
2021-01-13,"Mecklenburg-Vorpommern",32998,2284,2516,16644,552,14696,NA,20.5193832867577,NA,"13",NA,NA,NA,NA,NA,NA,NA,NA,NA,NA,NA,NA,NA,NA
2021-01-13,"Niedersachsen",70444,6679,14524,36884,11194,36307,NA,8.81254122043513,NA,"03",NA,NA,NA,NA,NA,NA,NA,NA,NA,NA,NA,NA,NA,NA
2021-01-13,"Nordrhein-Westfalen",142066,9594,NA,66156,NA,75918,NA,7.91576590047005,NA,"05",NA,NA,NA,NA,NA,NA,NA,NA,NA,NA,NA,NA,NA,NA
2021-01-13,"Rheinland-Pfalz",54189,8109,14321,25773,10,14084,NA,13.2365129315472,NA,"07",NA,NA,NA,NA,NA,NA,NA,NA,NA,NA,NA,NA,NA,NA
2021-01-13,"Saarland",12243,1046,9064,2024,NA,4124,NA,12.4056756244636,NA,"10",NA,NA,NA,NA,NA,NA,NA,NA,NA,NA,NA,NA,NA,NA
2021-01-13,"Sachsen",34588,5167,2528,27920,1,6667,NA,8.49416658419227,NA,"14",NA,NA,NA,NA,NA,NA,NA,NA,NA,NA,NA,NA,NA,NA
2021-01-13,"Sachsen-Anhalt",29448,2128,9342,14226,1274,13632,NA,13.4172778891024,NA,"15",NA,NA,NA,NA,NA,NA,NA,NA,NA,NA,NA,NA,NA,NA
2021-01-13,"Schleswig-Holstein",47498,4303,14059,18157,5452,18099,NA,16.3573392272743,NA,"01",NA,NA,NA,NA,NA,NA,NA,NA,NA,NA,NA,NA,NA,NA
2021-01-13,"Thüringen",14045,744,1150,10998,82,1491,NA,6.58345590889191,NA,"16",NA,NA,NA,NA,NA,NA,NA,NA,NA,NA,NA,NA,NA,NA
2021-01-12,"Baden-Württemberg",76762,5869,41457,22519,2980,12781,NA,6.91525003526902,NA,"08",NA,NA,NA,NA,NA,NA,NA,NA,NA,NA,NA,NA,NA,NA
2021-01-12,"Bayern",150511,14525,35434,76344,2606,48443,NA,11.4677345534619,NA,"09",NA,NA,NA,NA,NA,NA,NA,NA,NA,NA,NA,NA,NA,NA
2021-01-12,"Berlin",35893,2095,24446,11010,105,21428,NA,9.78146560381263,NA,"11",NA,NA,NA,NA,NA,NA,NA,NA,NA,NA,NA,NA,NA,NA
2021-01-12,"Brandenburg",19590,4499,3920,15352,193,2009,NA,7.76797429549945,NA,"12",NA,NA,NA,NA,NA,NA,NA,NA,NA,NA,NA,NA,NA,NA
2021-01-12,"Bremen",7753,753,1104,3346,60,3115,NA,11.3813523741856,NA,"04",NA,NA,NA,NA,NA,NA,NA,NA,NA,NA,NA,NA,NA,NA
2021-01-12,"Hamburg",15980,1707,5578,6866,1503,3891,NA,8.65068293298211,NA,"02",NA,NA,NA,NA,NA,NA,NA,NA,NA,NA,NA,NA,NA,NA
2021-01-12,"Hessen",60344,2869,15955,34864,3172,23182,NA,9.59657001819315,NA,"06",NA,NA,NA,NA,NA,NA,NA,NA,NA,NA,NA,NA,NA,NA
2021-01-12,"Mecklenburg-Vorpommern",29100,2059,2076,14928,376,13031,NA,18.0954619566231,NA,"13",NA,NA,NA,NA,NA,NA,NA,NA,NA,NA,NA,NA,NA,NA
2021-01-12,"Niedersachsen",63200,7749,13316,32710,10409,33078,NA,7.90631714740077,NA,"03",NA,NA,NA,NA,NA,NA,NA,NA,NA,NA,NA,NA,NA,NA
2021-01-12,"Nordrhein-Westfalen",129472,3994,0,59599,0,69881,NA,7.21404166138033,NA,"05",NA,NA,NA,NA,NA,NA,NA,NA,NA,NA,NA,NA,NA,NA
2021-01-12,"Rheinland-Pfalz",45326,8012,10246,22730,9,12341,NA,11.0715862100299,NA,"07",NA,NA,NA,NA,NA,NA,NA,NA,NA,NA,NA,NA,NA,NA
2021-01-12,"Saarland",11199,1069,8358,1791,0,3790,NA,11.3478037505814,NA,"10",NA,NA,NA,NA,NA,NA,NA,NA,NA,NA,NA,NA,NA,NA
2021-01-12,"Sachsen",29421,5720,2210,23650,1,5770,NA,7.2252479204788,NA,"14",NA,NA,NA,NA,NA,NA,NA,NA,NA,NA,NA,NA,NA,NA
2021-01-12,"Sachsen-Anhalt",27320,2907,8533,13373,1178,12736,NA,12.4477055124381,NA,"15",NA,NA,NA,NA,NA,NA,NA,NA,NA,NA,NA,NA,NA,NA
2021-01-12,"Schleswig-Holstein",43162,4611,13202,17149,5452,18056,NA,14.8641095567732,NA,"01",NA,NA,NA,NA,NA,NA,NA,NA,NA,NA,NA,NA,NA,NA
2021-01-12,"Thüringen",13060,740,1149,9798,81,1491,NA,6.12174682592583,NA,"16",NA,NA,NA,NA,NA,NA,NA,NA,NA,NA,NA,NA,NA,NA
2021-01-11,"Baden-Württemberg",73776,5286,38372,20848,2909,11326,NA,6.64625057452916,NA,"08",NA,NA,NA,NA,NA,NA,NA,NA,NA,NA,NA,NA,NA,NA
2021-01-11,"Bayern",135986,15850,31681,68550,2310,44715,NA,10.3610457108588,NA,"09",NA,NA,NA,NA,NA,NA,NA,NA,NA,NA,NA,NA,NA,NA
2021-01-11,"Berlin",33798,1784,22634,10632,105,20422,NA,9.21054173453484,NA,"11",NA,NA,NA,NA,NA,NA,NA,NA,NA,NA,NA,NA,NA,NA
2021-01-11,"Brandenburg",15091,1028,2426,12430,118,1162,NA,5.9839969419797,NA,"12",NA,NA,NA,NA,NA,NA,NA,NA,NA,NA,NA,NA,NA,NA
2021-01-11,"Bremen",6999,682,1073,2993,44,2733,NA,10.2744853949342,NA,"04",NA,NA,NA,NA,NA,NA,NA,NA,NA,NA,NA,NA,NA,NA
2021-01-11,"Hamburg",14273,1578,4944,6649,692,3675,NA,7.72660810403339,NA,"02",NA,NA,NA,NA,NA,NA,NA,NA,NA,NA,NA,NA,NA,NA
2021-01-11,"Hessen",57475,3114,15315,33237,2915,22059,NA,9.14030991972112,NA,"06",NA,NA,NA,NA,NA,NA,NA,NA,NA,NA,NA,NA,NA,NA
2021-01-11,"Mecklenburg-Vorpommern",26926,1553,1596,13895,342,12311,NA,16.7435879259118,NA,"13",NA,NA,NA,NA,NA,NA,NA,NA,NA,NA,NA,NA,NA,NA
2021-01-11,"Niedersachsen",54168,7607,11768,27608,9632,29107,NA,6.7764143550697,NA,"03",NA,NA,NA,NA,NA,NA,NA,NA,NA,NA,NA,NA,NA,NA
2021-01-11,"Nordrhein-Westfalen",124637,3783,0,57067,0,67578,NA,6.94464062152018,NA,"05",NA,NA,NA,NA,NA,NA,NA,NA,NA,NA,NA,NA,NA,NA
2021-01-11,"Rheinland-Pfalz",36466,5947,7095,19277,9,10085,NA,8.90739228555244,NA,"07",NA,NA,NA,NA,NA,NA,NA,NA,NA,NA,NA,NA,NA,NA
2021-01-11,"Saarland",10130,973,7656,1435,0,3535,NA,10.2645996958112,NA,"10",NA,NA,NA,NA,NA,NA,NA,NA,NA,NA,NA,NA,NA,NA
2021-01-11,"Sachsen",23701,3945,1805,19173,1,4527,NA,5.8205227885955,NA,"14",NA,NA,NA,NA,NA,NA,NA,NA,NA,NA,NA,NA,NA,NA
2021-01-11,"Sachsen-Anhalt",24413,2499,7572,11977,1075,11655,NA,11.123200390745,NA,"15",NA,NA,NA,NA,NA,NA,NA,NA,NA,NA,NA,NA,NA,NA
2021-01-11,"Schleswig-Holstein",38426,3987,11324,15015,5175,16080,NA,13.2331280716502,NA,"01",NA,NA,NA,NA,NA,NA,NA,NA,NA,NA,NA,NA,NA,NA
2021-01-11,"Thüringen",12517,1242,1074,9827,45,1249,NA,5.8672209050623,NA,"16",NA,NA,NA,NA,NA,NA,NA,NA,NA,NA,NA,NA,NA,NA
2021-01-10,"Baden-Württemberg",65488,4369,35369,19392,2838,10274,NA,5.89961041022508,NA,"08",NA,NA,NA,NA,NA,NA,NA,NA,NA,NA,NA,NA,NA,NA
2021-01-10,"Bayern",120136,12109,27674,59598,2117,41058,NA,9.15340246436938,NA,"09",NA,NA,NA,NA,NA,NA,NA,NA,NA,NA,NA,NA,NA,NA
2021-01-10,"Berlin",32014,1026,21120,10308,105,19661,NA,8.72437076422861,NA,"11",NA,NA,NA,NA,NA,NA,NA,NA,NA,NA,NA,NA,NA,NA
2021-01-10,"Brandenburg",14063,0,1682,12236,87,982,NA,5.57636664204231,NA,"12",NA,NA,NA,NA,NA,NA,NA,NA,NA,NA,NA,NA,NA,NA
2021-01-10,"Bremen",6303,491,1070,2607,43,2426,NA,9.25276202947144,NA,"04",NA,NA,NA,NA,NA,NA,NA,NA,NA,NA,NA,NA,NA,NA
2021-01-10,"Hamburg",12695,1336,4312,6397,144,3361,NA,6.87236669801051,NA,"02",NA,NA,NA,NA,NA,NA,NA,NA,NA,NA,NA,NA,NA,NA
2021-01-10,"Hessen",54361,2120,14595,31645,2723,20567,NA,8.64508721263088,NA,"06",NA,NA,NA,NA,NA,NA,NA,NA,NA,NA,NA,NA,NA,NA
2021-01-10,"Mecklenburg-Vorpommern",25141,0,1473,13122,194,11541,NA,15.6336085584695,NA,"13",NA,NA,NA,NA,NA,NA,NA,NA,NA,NA,NA,NA,NA,NA
2021-01-10,"Niedersachsen",45342,513,9968,22613,8519,25233,NA,5.6722821534406,NA,"03",NA,NA,NA,NA,NA,NA,NA,NA,NA,NA,NA,NA,NA,NA
2021-01-10,"Nordrhein-Westfalen",114762,3676,NA,52000,NA,62770,NA,6.39441616058553,NA,"05",NA,NA,NA,NA,NA,NA,NA,NA,NA,NA,NA,NA,NA,NA
2021-01-10,"Rheinland-Pfalz",29994,1866,3852,16859,5,9278,NA,7.32650480482806,NA,"07",NA,NA,NA,NA,NA,NA,NA,NA,NA,NA,NA,NA,NA,NA
2021-01-10,"Saarland",9157,0,6956,1229,NA,3253,NA,9.27867121565083,NA,"10",NA,NA,NA,NA,NA,NA,NA,NA,NA,NA,NA,NA,NA,NA
2021-01-10,"Sachsen",19756,715,1357,16051,1,3704,NA,4.85170449396619,NA,"14",NA,NA,NA,NA,NA,NA,NA,NA,NA,NA,NA,NA,NA,NA
2021-01-10,"Sachsen-Anhalt",21914,0,6860,10787,1057,10698,NA,9.98459072472801,NA,"15",NA,NA,NA,NA,NA,NA,NA,NA,NA,NA,NA,NA,NA,NA
2021-01-10,"Schleswig-Holstein",31431,0,7457,13050,4301,12323,NA,10.8241932134502,NA,"01","(Meldung steht noch aus)",NA,NA,NA,NA,NA,NA,NA,NA,NA,NA,NA,NA,NA
2021-01-10,"Thüringen",10790,0,903,8861,25,924,NA,5.05770660426797,NA,"16","(Meldung aus KH steht noch aus)",NA,NA,NA,NA,NA,NA,NA,NA,NA,NA,NA,NA,NA
2021-01-08,"Baden-Württemberg",55320,6213,29263,16514,2561,9100,NA,4.98360688818793,NA,"08",NA,NA,NA,NA,NA,NA,NA,NA,NA,NA,NA,NA,NA,NA
2021-01-08,"Bayern",93966,5050,20665,47801,1676,31568,NA,7.15945774761049,NA,"09",NA,NA,NA,NA,NA,NA,NA,NA,NA,NA,NA,NA,NA,NA
2021-01-08,"Berlin",28871,2465,18591,9676,105,18171,NA,7.86784870163192,NA,"11",NA,NA,NA,NA,NA,NA,NA,NA,NA,NA,NA,NA,NA,NA
2021-01-08,"Brandenburg",13895,2414,1608,12192,87,908,NA,5.50975001714982,NA,"12",NA,NA,NA,NA,NA,NA,NA,NA,NA,NA,NA,NA,NA,NA
2021-01-08,"Bremen",5291,720,1054,2103,42,1924,NA,7.76715276819504,NA,"04",NA,NA,NA,NA,NA,NA,NA,NA,NA,NA,NA,NA,NA,NA
2021-01-08,"Hamburg",9888,1417,3172,5188,116,2579,NA,5.35281306891909,NA,"02",NA,NA,NA,NA,NA,NA,NA,NA,NA,NA,NA,NA,NA,NA
2021-01-08,"Hessen",48653,2647,12574,28861,2320,18148,NA,7.73733794735436,NA,"06",NA,NA,NA,NA,NA,NA,NA,NA,NA,NA,NA,NA,NA,NA
2021-01-08,"Mecklenburg-Vorpommern",25141,779,1473,13122,194,11541,NA,15.6336085584695,NA,"13",NA,NA,NA,NA,NA,NA,NA,NA,NA,NA,NA,NA,NA,NA
2021-01-08,"Niedersachsen",41646,7803,9369,20483,7978,22615,NA,5.20991272026349,NA,"03",NA,NA,NA,NA,NA,NA,NA,NA,NA,NA,NA,NA,NA,NA
2021-01-08,"Nordrhein-Westfalen",98950,6574,0,43671,0,55287,NA,5.51338839589706,NA,"05",NA,NA,NA,NA,NA,NA,NA,NA,NA,NA,NA,NA,NA,NA
2021-01-08,"Rheinland-Pfalz",25482,4376,3777,14104,4,7597,NA,6.22437805683232,NA,"07",NA,NA,NA,NA,NA,NA,NA,NA,NA,NA,NA,NA,NA,NA
2021-01-08,"Saarland",8232,874,6236,1104,0,2938,NA,8.34138052279542,NA,"10",NA,NA,NA,NA,NA,NA,NA,NA,NA,NA,NA,NA,NA,NA
2021-01-08,"Sachsen",17991,2398,1024,15283,1,2707,NA,4.41825346987982,NA,"14",NA,NA,NA,NA,NA,NA,NA,NA,NA,NA,NA,NA,NA,NA
2021-01-08,"Sachsen-Anhalt",20799,1400,6427,10228,987,10214,NA,9.47656760443634,NA,"15",NA,NA,NA,NA,NA,NA,NA,NA,NA,NA,NA,NA,NA,NA
2021-01-08,"Schleswig-Holstein",28241,3936,6486,12623,3947,10551,NA,9.72562249184079,NA,"01",NA,NA,NA,NA,NA,NA,NA,NA,NA,NA,NA,NA,NA,NA
2021-01-08,"Thüringen",10512,1000,903,8583,25,924,NA,4.92739683262882,NA,"16",NA,NA,NA,NA,NA,NA,NA,NA,NA,NA,NA,NA,NA,NA
2021-01-07,"Baden-Württemberg",49103,6180,25827,14560,2433,8088,NA,4.42353667806746,NA,"08",NA,NA,NA,NA,NA,NA,NA,NA,NA,NA,NA,NA,NA,NA
2021-01-07,"Bayern",88916,4567,20212,44516,1609,30110,NA,6.77468813279839,NA,"09",NA,NA,NA,NA,NA,NA,NA,NA,NA,NA,NA,NA,NA,NA
2021-01-07,"Berlin",26406,2247,16673,9109,105,16773,NA,7.1960934091404,NA,"11",NA,NA,NA,NA,NA,NA,NA,NA,NA,NA,NA,NA,NA,NA
2021-01-07,"Brandenburg",11481,3299,1029,10391,53,558,NA,4.55253256184937,NA,"12",NA,NA,NA,NA,NA,NA,NA,NA,NA,NA,NA,NA,NA,NA
2021-01-07,"Bremen",4505,621,1033,1764,34,1491,NA,6.61331000202583,NA,"04",NA,NA,NA,NA,NA,NA,NA,NA,NA,NA,NA,NA,NA,NA
2021-01-07,"Hamburg",8471,1392,2788,4313,108,2352,NA,4.58572810546254,NA,"02",NA,NA,NA,NA,NA,NA,NA,NA,NA,NA,NA,NA,NA,NA
2021-01-07,"Hessen",46006,1884,12286,27009,2101,17520,NA,7.3163827432221,NA,"06",NA,NA,NA,NA,NA,NA,NA,NA,NA,NA,NA,NA,NA,NA
2021-01-07,"Mecklenburg-Vorpommern",24060,1792,1260,12515,137,11130,NA,14.9614025661977,NA,"13",NA,NA,NA,NA,NA,NA,NA,NA,NA,NA,NA,NA,NA,NA
2021-01-07,"Niedersachsen",32170,7975,7075,15989,6226,18332,NA,4.02446554797283,NA,"03",NA,NA,NA,NA,NA,NA,NA,NA,NA,NA,NA,NA,NA,NA
2021-01-07,"Nordrhein-Westfalen",90802,5986,0,39465,0,51345,NA,5.05939053182663,NA,"05",NA,NA,NA,NA,NA,NA,NA,NA,NA,NA,NA,NA,NA,NA
2021-01-07,"Rheinland-Pfalz",20792,4991,2154,11833,0,6805,NA,5.07877201780306,NA,"07",NA,NA,NA,NA,NA,NA,NA,NA,NA,NA,NA,NA,NA,NA
2021-01-07,"Saarland",7358,837,5596,966,0,2663,NA,7.45576747895149,NA,"10",NA,NA,NA,NA,NA,NA,NA,NA,NA,NA,NA,NA,NA,NA
2021-01-07,"Sachsen",15593,2587,985,13343,1,2249,NA,3.82934947228259,NA,"14",NA,NA,NA,NA,NA,NA,NA,NA,NA,NA,NA,NA,NA,NA
2021-01-07,"Sachsen-Anhalt",19399,1775,6008,9554,783,9500,NA,8.83869104084141,NA,"15",NA,NA,NA,NA,NA,NA,NA,NA,NA,NA,NA,NA,NA,NA
2021-01-07,"Schleswig-Holstein",23903,3831,5606,10747,3655,9099,NA,8.23170406226657,NA,"01",NA,NA,NA,NA,NA,NA,NA,NA,NA,NA,NA,NA,NA,NA
2021-01-07,"Thüringen",7994,974,782,6399,22,731,NA,3.74710904490437,NA,"16",NA,NA,NA,NA,NA,NA,NA,NA,NA,NA,NA,NA,NA,NA
2021-01-06,"Baden-Württemberg",42899,4971,22030,12661,2303,7340,NA,3.86463759754834,NA,"08",NA,NA,NA,NA,NA,NA,NA,NA,NA,NA,NA,NA,NA,NA
2021-01-06,"Bayern",84349,1600,19266,41737,1595,28908,NA,6.42671925540298,NA,"09",NA,NA,NA,NA,NA,NA,NA,NA,NA,NA,NA,NA,NA,NA
2021-01-06,"Berlin",24159,2204,15037,8402,105,15272,NA,6.58374690113697,NA,"11",NA,NA,NA,NA,NA,NA,NA,NA,NA,NA,NA,NA,NA,NA
2021-01-06,"Brandenburg",8182,2778,436,7724,21,433,NA,3.24438824327598,NA,"12",NA,NA,NA,NA,NA,NA,NA,NA,NA,NA,NA,NA,NA,NA
2021-01-06,"Bremen",3825,630,1018,1397,31,1182,NA,5.61507453002193,NA,"04",NA,NA,NA,NA,NA,NA,NA,NA,NA,NA,NA,NA,NA,NA
2021-01-06,"Hamburg",7079,1178,2415,3561,86,2271,NA,3.83217675110015,NA,"02",NA,NA,NA,NA,NA,NA,NA,NA,NA,NA,NA,NA,NA,NA
2021-01-06,"Hessen",44122,2824,11916,25931,1853,16780,NA,7.01676823450083,NA,"06",NA,NA,NA,NA,NA,NA,NA,NA,NA,NA,NA,NA,NA,NA
2021-01-06,"Mecklenburg-Vorpommern",21713,2359,811,11746,46,9712,NA,13.5019507032357,NA,"13",NA,NA,NA,NA,NA,NA,NA,NA,NA,NA,NA,NA,NA,NA
2021-01-06,"Niedersachsen",22608,7444,5209,10900,4698,13321,NA,2.82825977956387,NA,"03",NA,NA,NA,NA,NA,NA,NA,NA,NA,NA,NA,NA,NA,NA
2021-01-06,"Nordrhein-Westfalen",79578,8851,NA,33961,NA,45625,NA,4.43400123060835,NA,"05",NA,NA,NA,NA,NA,NA,NA,NA,NA,NA,NA,NA,NA,NA
2021-01-06,"Rheinland-Pfalz",15984,3648,NA,9796,NA,6188,NA,3.9043426285381,NA,"07",NA,NA,NA,NA,NA,NA,NA,NA,NA,NA,NA,NA,NA,NA
2021-01-06,"Saarland",6511,878,4940,813,NA,2430,NA,6.59751319046659,NA,"10",NA,NA,NA,NA,NA,NA,NA,NA,NA,NA,NA,NA,NA,NA
2021-01-06,"Sachsen",13006,2239,858,11072,1,1933,NA,3.19403060581718,NA,"14",NA,NA,NA,NA,NA,NA,NA,NA,NA,NA,NA,NA,NA,NA
2021-01-06,"Sachsen-Anhalt",17624,501,5569,8461,738,8818,NA,8.02995468342642,NA,"15",NA,NA,NA,NA,NA,NA,NA,NA,NA,NA,NA,NA,NA,NA
2021-01-06,"Schleswig-Holstein",20078,3062,4842,9282,3234,7768,NA,6.91445233494491,NA,"01",NA,NA,NA,NA,NA,NA,NA,NA,NA,NA,NA,NA,NA,NA
2021-01-06,"Thüringen",5343,1165,650,4096,21,583,NA,2.50447881247486,NA,"16",NA,NA,NA,NA,NA,NA,NA,NA,NA,NA,NA,NA,NA,NA
2021-01-05,"Baden-Württemberg",37840,5621,18907,11336,2023,6476,NA,3.40888800884005,NA,NA,NA,NA,NA,NA,NA,NA,NA,NA,NA,NA,NA,NA,NA,NA
2021-01-05,"Bayern",82749,4873,18957,40959,1573,28182,NA,6.30481205071004,NA,NA,NA,NA,NA,NA,NA,NA,NA,NA,NA,NA,NA,NA,NA,NA
2021-01-05,"Berlin",21955,2566,13487,7648,105,14247,NA,5.98311863961514,NA,NA,NA,NA,NA,NA,NA,NA,NA,NA,NA,NA,NA,NA,NA,NA
2021-01-05,"Brandenburg",5404,2070,287,5097,20,224,NA,2.14283476737514,NA,NA,NA,NA,NA,NA,NA,NA,NA,NA,NA,NA,NA,NA,NA,NA
2021-01-05,"Bremen",3195,518,982,1062,29,892,NA,4.69023872507714,NA,NA,NA,NA,NA,NA,NA,NA,NA,NA,NA,NA,NA,NA,NA,NA
2021-01-05,"Hamburg",5901,1145,1996,3495,44,2122,NA,3.19447309058369,NA,NA,NA,NA,NA,NA,NA,NA,NA,NA,NA,NA,NA,NA,NA,NA
2021-01-05,"Hessen",41298,3503,11393,23963,1657,15925,NA,6.56766453353011,NA,NA,NA,NA,NA,NA,NA,NA,NA,NA,NA,NA,NA,NA,NA,NA
2021-01-05,"Mecklenburg-Vorpommern",18014,2570,456,10024,27,7828,NA,11.2017749720484,NA,NA,NA,NA,NA,NA,NA,NA,NA,NA,NA,NA,NA,NA,NA,NA
2021-01-05,"Niedersachsen",15164,6499,3341,7376,3112,8940,NA,1.89701571555673,NA,NA,NA,NA,NA,NA,NA,NA,NA,NA,NA,NA,NA,NA,NA,NA
2021-01-05,"Nordrhein-Westfalen",69225,4160,NA,28846,NA,40387,NA,3.85714311981783,NA,NA,NA,NA,NA,NA,NA,NA,NA,NA,NA,NA,NA,NA,NA,NA
2021-01-05,"Rheinland-Pfalz",12336,2445,NA,7191,NA,5145,NA,3.0132614280309,NA,NA,NA,NA,NA,NA,NA,NA,NA,NA,NA,NA,NA,NA,NA,NA
2021-01-05,"Saarland",5633,797,4279,672,NA,2156,NA,5.70784699768059,NA,NA,NA,NA,NA,NA,NA,NA,NA,NA,NA,NA,NA,NA,NA,NA
2021-01-05,"Sachsen",10767,3027,820,8945,1,1821,NA,2.64417403758524,NA,NA,NA,NA,NA,NA,NA,NA,NA,NA,NA,NA,NA,NA,NA,NA
2021-01-05,"Sachsen-Anhalt",17123,1495,5402,8196,738,8588,NA,7.8016859988828,NA,NA,NA,NA,NA,NA,NA,NA,NA,NA,NA,NA,NA,NA,NA,NA
2021-01-05,"Schleswig-Holstein",17016,3444,4092,8459,2932,6665,NA,5.85996219401448,NA,NA,NA,NA,NA,NA,NA,NA,NA,NA,NA,NA,NA,NA,NA,NA
2021-01-05,"Thüringen",3711,500,468,2856,7,500,NA,1.73949482932701,NA,NA,NA,NA,NA,NA,NA,NA,NA,NA,NA,NA,NA,NA,NA,NA
2021-01-04,"Baden-Württemberg",32182,4758,15546,9828,1716,5642,NA,2.89917637157744,NA,NA,NA,NA,NA,NA,NA,NA,NA,NA,NA,NA,NA,NA,NA,NA
2021-01-04,"Bayern",77876,11618,18188,38306,1554,26500,NA,5.93352842041711,NA,NA,NA,NA,NA,NA,NA,NA,NA,NA,NA,NA,NA,NA,NA,NA
2021-01-04,"Berlin",19389,1631,11608,6783,105,12575,NA,5.28383909375987,NA,NA,NA,NA,NA,NA,NA,NA,NA,NA,NA,NA,NA,NA,NA,NA
2021-01-04,"Brandenburg",3334,25,227,3087,20,224,NA,1.32202278209266,NA,NA,NA,NA,NA,NA,NA,NA,NA,NA,NA,NA,NA,NA,NA,NA
2021-01-04,"Bremen",2653,700,942,811,18,651,NA,3.89458633415639,NA,NA,NA,NA,NA,NA,NA,NA,NA,NA,NA,NA,NA,NA,NA,NA
2021-01-04,"Hamburg",4756,616,1704,2698,0,2060,NA,2.57463379407152,NA,NA,NA,NA,NA,NA,NA,NA,NA,NA,NA,NA,NA,NA,NA,NA
2021-01-04,"Hessen",37795,4390,10329,22051,1492,14561,NA,6.01057874581748,NA,NA,NA,NA,NA,NA,NA,NA,NA,NA,NA,NA,NA,NA,NA,NA
2021-01-04,"Mecklenburg-Vorpommern",13832,1773,242,7738,29,5968,NA,8.60125188261206,NA,NA,NA,NA,NA,NA,NA,NA,NA,NA,NA,NA,NA,NA,NA,NA
2021-01-04,"Niedersachsen",8665,3271,1791,4198,1915,5251,NA,1.08399110889601,NA,NA,NA,NA,NA,NA,NA,NA,NA,NA,NA,NA,NA,NA,NA,NA
2021-01-04,"Nordrhein-Westfalen",62692,4435,0,25744,0,36956,NA,3.49313133214329,NA,NA,NA,NA,NA,NA,NA,NA,NA,NA,NA,NA,NA,NA,NA,NA
2021-01-04,"Rheinland-Pfalz",9891,1609,0,5435,0,4456,NA,2.41603184051991,NA,NA,NA,NA,NA,NA,NA,NA,NA,NA,NA,NA,NA,NA,NA,NA
2021-01-04,"Saarland",4836,687,3655,584,0,1823,NA,4.90025707097165,NA,NA,NA,NA,NA,NA,NA,NA,NA,NA,NA,NA,NA,NA,NA,NA
2021-01-04,"Sachsen",7740,2874,662,6354,1,1385,NA,1.90079939174419,NA,NA,NA,NA,NA,NA,NA,NA,NA,NA,NA,NA,NA,NA,NA,NA
2021-01-04,"Sachsen-Anhalt",15628,2262,4967,7523,649,7804,NA,7.12052495418679,NA,NA,NA,NA,NA,NA,NA,NA,NA,NA,NA,NA,NA,NA,NA,NA
2021-01-04,"Schleswig-Holstein",12978,3421,3427,6611,2716,5616,NA,4.46935762540667,NA,NA,NA,NA,NA,NA,NA,NA,NA,NA,NA,NA,NA,NA,NA,NA
2021-01-04,"Thüringen",2715,493,446,1976,1,413,NA,1.27262960431766,NA,NA,NA,NA,NA,NA,NA,NA,NA,NA,NA,NA,NA,NA,NA,NA
2021-01-03,"Baden-Württemberg",27454,3390,12584,8739,1469,4932,NA,2.47324554425726,NA,NA,NA,NA,NA,NA,NA,NA,NA,NA,NA,NA,NA,NA,NA,NA
2021-01-03,"Bayern",66258,8425,15480,31755,1280,23823,NA,5.0483297303405,NA,NA,NA,NA,NA,NA,NA,NA,NA,NA,NA,NA,NA,NA,NA,NA
2021-01-03,"Berlin",17758,935,10507,6132,105,11625,NA,4.83936327953931,NA,NA,NA,NA,NA,NA,NA,NA,NA,NA,NA,NA,NA,NA,NA,NA
2021-01-03,"Brandenburg",3309,NA,204,3085,20,224,NA,1.31210959386461,"(Meldung vom 03.01. steht noch aus)",NA,NA,NA,NA,NA,NA,NA,NA,NA,NA,NA,NA,NA,NA,NA
2021-01-03,"Bremen",1903,66,824,506,9,289,NA,2.79359132826974,NA,NA,NA,NA,NA,NA,NA,NA,NA,NA,NA,NA,NA,NA,NA,NA
2021-01-03,"Hamburg",4140,436,1616,2189,0,1953,NA,2.24116566599161,NA,NA,NA,NA,NA,NA,NA,NA,NA,NA,NA,NA,NA,NA,NA,NA
2021-01-03,"Hessen",33405,3320,9387,19405,1185,12955,NA,5.31243241180138,NA,NA,NA,NA,NA,NA,NA,NA,NA,NA,NA,NA,NA,NA,NA,NA
2021-01-03,"Mecklenburg-Vorpommern",11494,NA,178,6583,8,4804,NA,7.14739655427582,NA,NA,NA,NA,NA,NA,NA,NA,NA,NA,NA,NA,NA,NA,NA,NA
2021-01-03,"Niedersachsen",5394,432,992,2822,1035,3178,NA,0.674789156536072,NA,NA,NA,NA,NA,NA,NA,NA,NA,NA,NA,NA,NA,NA,NA,NA
2021-01-03,"Nordrhein-Westfalen",53841,3539,0,21354,0,32495,NA,2.99996305834759,NA,NA,NA,NA,NA,NA,NA,NA,NA,NA,NA,NA,NA,NA,NA,NA
2021-01-03,"Rheinland-Pfalz",8282,658,0,4213,0,4069,NA,2.02300836145849,NA,NA,NA,NA,NA,NA,NA,NA,NA,NA,NA,NA,NA,NA,NA,NA
2021-01-03,"Saarland",4149,NA,3122,495,0,1580,NA,4.20412874016985,NA,NA,NA,NA,NA,NA,NA,NA,NA,NA,NA,NA,NA,NA,NA,NA
2021-01-03,"Sachsen",4866,523,487,3765,1,1100,NA,1.19499868736786,NA,NA,NA,NA,NA,NA,NA,NA,NA,NA,NA,NA,NA,NA,NA,NA
2021-01-03,"Sachsen-Anhalt",13366,544,4391,6446,562,6702,NA,6.08989867786413,NA,NA,NA,NA,NA,NA,NA,NA,NA,NA,NA,NA,NA,NA,NA,NA
2021-01-03,"Schleswig-Holstein",9557,624,2801,5317,2325,4512,NA,3.2912352308531,NA,NA,NA,NA,NA,NA,NA,NA,NA,NA,NA,NA,NA,NA,NA,NA
2021-01-03,"Thüringen",810,NA,232,297,0,413,NA,0.379679550459412,NA,NA,NA,NA,NA,NA,NA,NA,NA,NA,NA,NA,NA,NA,NA,NA
2021-01-02,"Baden-Württemberg",24063,4014,11041,7428,1382,4200,NA,NA,NA,NA,NA,NA,NA,NA,NA,NA,NA,NA,NA,NA,NA,NA,NA,NA
2021-01-02,"Bayern",57833,11742,12855,25636,1091,20428,NA,NA,NA,NA,NA,NA,NA,NA,NA,NA,NA,NA,NA,NA,NA,NA,NA,NA
2021-01-02,"Berlin",14616,1443,9817,3647,105,10968,NA,NA,NA,NA,NA,NA,NA,NA,NA,NA,NA,NA,NA,NA,NA,NA,NA,NA
2021-01-02,"Brandenburg",3219,NA,204,2995,20,224,"(keine Meldung für den 02.01.; Nachmeldung erfolgt am 04.01.2020)",NA,NA,NA,NA,NA,NA,NA,NA,NA,NA,NA,NA,NA,NA,NA,NA,NA
2021-01-02,"Bremen",1837,96,824,465,9,265,NA,NA,NA,NA,NA,NA,NA,NA,NA,NA,NA,NA,NA,NA,NA,NA,NA,NA
2021-01-02,"Hamburg",3704,662,1439,2010,NA,1696,NA,NA,NA,NA,NA,NA,NA,NA,NA,NA,NA,NA,NA,NA,NA,NA,NA,NA
2021-01-02,"Hessen",30085,5294,8443,17635,1096,11569,NA,NA,NA,NA,NA,NA,NA,NA,NA,NA,NA,NA,NA,NA,NA,NA,NA,NA
2021-01-02,"Mecklenburg-Vorpommern",11494,NA,178,6583,8,4804,NA,NA,NA,NA,NA,NA,NA,NA,NA,NA,NA,NA,NA,NA,NA,NA,NA,NA
2021-01-02,"Niedersachsen",4962,1017,912,2641,982,2918,NA,NA,NA,NA,NA,NA,NA,NA,NA,NA,NA,NA,NA,NA,NA,NA,NA,NA
2021-01-02,"Nordrhein-Westfalen",48691,13142,NA,18806,NA,29893,NA,NA,NA,NA,NA,NA,NA,NA,NA,NA,NA,NA,NA,NA,NA,NA,NA,NA
2021-01-02,"Rheinland-Pfalz",7248,59,NA,3516,NA,3732,"(Nachmeldungen der mobilen Teams stehen noch aus)",NA,NA,NA,NA,NA,NA,NA,NA,NA,NA,NA,NA,NA,NA,NA,NA,NA
2021-01-02,"Saarland",4149,833,3122,495,NA,1580,NA,NA,NA,NA,NA,NA,NA,NA,NA,NA,NA,NA,NA,NA,NA,NA,NA,NA
2021-01-02,"Sachsen",4343,343,368,3535,1,807,NA,NA,NA,NA,NA,NA,NA,NA,NA,NA,NA,NA,NA,NA,NA,NA,NA,NA
2021-01-02,"Sachsen-Anhalt",12822,1051,4237,6194,546,6410,NA,NA,NA,NA,NA,NA,NA,NA,NA,NA,NA,NA,NA,NA,NA,NA,NA,NA
2021-01-02,"Schleswig-Holstein",8933,969,2525,5136,2077,3987,NA,NA,NA,NA,NA,NA,NA,NA,NA,NA,NA,NA,NA,NA,NA,NA,NA,NA
2021-01-02,"Thüringen",810,NA,232,297,NA,413,NA,NA,NA,NA,NA,NA,NA,NA,NA,NA,NA,NA,NA,NA,NA,NA,NA,NA
2021-01-01,"Baden-Württemberg",20045,2958,9087,6185,1189,3403,NA,NA,NA,NA,NA,NA,NA,NA,NA,NA,NA,NA,NA,NA,NA,NA,NA,NA
2021-01-01,"Bayern",39005,1050,7840,19500,718,14265,"(Nachmeldungen für den 01.01. bereits für morgen angekündigt)",NA,NA,NA,NA,NA,NA,NA,NA,NA,NA,NA,NA,NA,NA,NA,NA,NA
2021-01-01,"Berlin",13137,2023,8662,3319,105,9817,NA,NA,NA,NA,NA,NA,NA,NA,NA,NA,NA,NA,NA,NA,NA,NA,NA,NA
2021-01-01,"Brandenburg",3219,NA,204,2995,20,224,"(für den 01.01. wurde nicht gemeldet)",NA,NA,NA,NA,NA,NA,NA,NA,NA,NA,NA,NA,NA,NA,NA,NA,NA
2021-01-01,"Bremen",1741,NA,821,408,6,237,NA,NA,NA,NA,NA,NA,NA,NA,NA,NA,NA,NA,NA,NA,NA,NA,NA,NA
2021-01-01,"Hamburg",3042,283,1129,1703,NA,1341,NA,NA,NA,NA,NA,NA,NA,NA,NA,NA,NA,NA,NA,NA,NA,NA,NA,NA
2021-01-01,"Hessen",24791,3418,6909,14480,955,9680,NA,NA,NA,NA,NA,NA,NA,NA,NA,NA,NA,NA,NA,NA,NA,NA,NA,NA
2021-01-01,"Mecklenburg-Vorpommern",11494,NA,178,6583,8,4804,NA,NA,NA,NA,NA,NA,NA,NA,NA,NA,NA,NA,NA,NA,NA,NA,NA,NA
2021-01-01,"Niedersachsen",3945,379,773,2105,827,2362,NA,NA,NA,NA,NA,NA,NA,NA,NA,NA,NA,NA,NA,NA,NA,NA,NA,NA
2021-01-01,"Nordrhein-Westfalen",33375,7908,NA,11846,0,21537,NA,NA,NA,NA,NA,NA,NA,NA,NA,NA,NA,NA,NA,NA,NA,NA,NA,NA
2021-01-01,"Rheinland-Pfalz",6898,439,NA,3166,NA,3732,NA,NA,NA,NA,NA,NA,NA,NA,NA,NA,NA,NA,NA,NA,NA,NA,NA,NA
2021-01-01,"Saarland",3316,600,2508,335,NA,1294,NA,NA,NA,NA,NA,NA,NA,NA,NA,NA,NA,NA,NA,NA,NA,NA,NA,NA
2021-01-01,"Sachsen",4000,710,297,3320,1,679,NA,NA,NA,NA,NA,NA,NA,NA,NA,NA,NA,NA,NA,NA,NA,NA,NA,NA
2021-01-01,"Sachsen-Anhalt",11771,625,3782,5760,495,5793,NA,NA,NA,NA,NA,NA,NA,NA,NA,NA,NA,NA,NA,NA,NA,NA,NA,NA
2021-01-01,"Schleswig-Holstein",7964,694,2130,4690,1798,3384,NA,NA,NA,NA,NA,NA,NA,NA,NA,NA,NA,NA,NA,NA,NA,NA,NA,NA
2021-01-01,"Thüringen",810,NA,232,297,NA,413,NA,NA,NA,NA,NA,NA,NA,NA,NA,NA,NA,NA,NA,NA,NA,NA,NA,NA
2020-12-31,"Baden-Württemberg",17086,4295,7578,5423,1037,2693,NA,NA,NA,NA,NA,NA,NA,NA,NA,NA,NA,NA,NA,NA,NA,NA,NA,NA
2020-12-31,"Bayern",37955,9749,7840,18450,718,14265,NA,NA,NA,NA,NA,NA,NA,NA,NA,NA,NA,NA,NA,NA,NA,NA,NA,NA
2020-12-31,"Berlin",11114,2030,7029,2952,105,8161,NA,NA,NA,NA,NA,NA,NA,NA,NA,NA,NA,NA,NA,NA,NA,NA,NA,NA
2020-12-31,"Brandenburg",3219,183,204,2995,20,224,NA,NA,NA,NA,NA,NA,NA,NA,NA,NA,NA,NA,NA,NA,NA,NA,NA,NA
2020-12-31,"Bremen",1741,50,821,408,6,237,NA,NA,NA,NA,NA,NA,NA,NA,NA,NA,NA,NA,NA,NA,NA,NA,NA,NA
2020-12-31,"Hamburg",2759,719,1129,1420,NA,1341,NA,NA,NA,NA,NA,NA,NA,NA,NA,NA,NA,NA,NA,NA,NA,NA,NA,NA
2020-12-31,"Hessen",21373,5699,6073,12345,821,8513,NA,NA,NA,NA,NA,NA,NA,NA,NA,NA,NA,NA,NA,NA,NA,NA,NA,NA
2020-12-31,"Mecklenburg-Vorpommern",11494,393,178,6583,8,4804,NA,NA,NA,NA,NA,NA,NA,NA,NA,NA,NA,NA,NA,NA,NA,NA,NA,NA
2020-12-31,"Niedersachsen",3566,861,567,1981,654,2044,NA,NA,NA,NA,NA,NA,NA,NA,NA,NA,NA,NA,NA,NA,NA,NA,NA,NA
2020-12-31,"Nordrhein-Westfalen",24924,3033,NA,8963,NA,16334,"(für den 31.12. wurden keine Daten aus der KV-Nordrhein übermittelt)",NA,NA,NA,NA,NA,NA,NA,NA,NA,NA,NA,NA,NA,NA,NA,NA,NA
2020-12-31,"Rheinland-Pfalz",5112,865,NA,2329,NA,2783,NA,NA,NA,NA,NA,NA,NA,NA,NA,NA,NA,NA,NA,NA,NA,NA,NA,NA
2020-12-31,"Saarland",2716,597,2065,248,NA,1080,NA,NA,NA,NA,NA,NA,NA,NA,NA,NA,NA,NA,NA,NA,NA,NA,NA,NA
2020-12-31,"Sachsen",3290,637,226,2754,1,535,NA,NA,NA,NA,NA,NA,NA,NA,NA,NA,NA,NA,NA,NA,NA,NA,NA,NA
2020-12-31,"Sachsen-Anhalt",11146,1046,3506,5582,458,5346,NA,NA,NA,NA,NA,NA,NA,NA,NA,NA,NA,NA,NA,NA,NA,NA,NA,NA
2020-12-31,"Schleswig-Holstein",7270,1689,1766,4523,1527,2817,NA,NA,NA,NA,NA,NA,NA,NA,NA,NA,NA,NA,NA,NA,NA,NA,NA,NA
2020-12-31,"Thüringen",810,0,232,297,0,413,NA,NA,NA,NA,NA,NA,NA,NA,NA,NA,NA,NA,NA,NA,NA,NA,NA,NA
2020-12-30,"Baden-Württemberg",12649,4407,5347,4196,763,1831,NA,NA,NA,NA,NA,NA,NA,NA,NA,NA,NA,NA,NA,NA,NA,NA,NA,NA
2020-12-30,"Bayern",28206,15104,5831,13981,424,10347,NA,NA,NA,NA,NA,NA,NA,NA,NA,NA,NA,NA,NA,NA,NA,NA,NA,NA
2020-12-30,"Berlin",9084,2788,6554,2733,105,6350,NA,NA,NA,NA,NA,NA,NA,NA,NA,NA,NA,NA,NA,NA,NA,NA,NA,NA
2020-12-30,"Brandenburg",3036,1483,204,2812,20,224,NA,NA,NA,NA,NA,NA,NA,NA,NA,NA,NA,NA,NA,NA,NA,NA,NA,NA
2020-12-30,"Bremen",1691,601,821,408,5,510,NA,NA,NA,NA,NA,NA,NA,NA,NA,NA,NA,NA,NA,NA,NA,NA,NA,NA
2020-12-30,"Hamburg",2040,541,832,1042,NA,999,NA,NA,NA,NA,NA,NA,NA,NA,NA,NA,NA,NA,NA,NA,NA,NA,NA,NA
2020-12-30,"Hessen",15674,6226,4677,8681,712,6512,NA,NA,NA,NA,NA,NA,NA,NA,NA,NA,NA,NA,NA,NA,NA,NA,NA,NA
2020-12-30,"Mecklenburg-Vorpommern",11101,3640,173,6349,7,4651,NA,NA,NA,NA,NA,NA,NA,NA,NA,NA,NA,NA,NA,NA,NA,NA,NA,NA
2020-12-30,"Niedersachsen",2705,1178,296,1512,315,1423,NA,NA,NA,NA,NA,NA,NA,NA,NA,NA,NA,NA,NA,NA,NA,NA,NA,NA
2020-12-30,"Nordrhein-Westfalen",19930,7359,NA,6610,NA,13693,NA,NA,NA,NA,NA,NA,NA,NA,NA,NA,NA,NA,NA,NA,NA,NA,NA,NA
2020-12-30,"Rheinland-Pfalz",4247,1673,NA,1941,NA,2306,NA,NA,NA,NA,NA,NA,NA,NA,NA,NA,NA,NA,NA,NA,NA,NA,NA,NA
2020-12-30,"Saarland",2119,601,1641,161,NA,899,NA,NA,NA,NA,NA,NA,NA,NA,NA,NA,NA,NA,NA,NA,NA,NA,NA,NA
2020-12-30,"Sachsen",2653,1166,150,2460,1,192,NA,NA,NA,NA,NA,NA,NA,NA,NA,NA,NA,NA,NA,NA,NA,NA,NA,NA
2020-12-30,"Sachsen-Anhalt",10100,2813,3107,5068,300,4815,NA,NA,NA,NA,NA,NA,NA,NA,NA,NA,NA,NA,NA,NA,NA,NA,NA,NA
2020-12-30,"Schleswig-Holstein",5581,1747,1385,3361,1175,2241,NA,NA,NA,NA,NA,NA,NA,NA,NA,NA,NA,NA,NA,NA,NA,NA,NA,NA
2020-12-30,"Thüringen",810,138,232,297,NA,413,NA,NA,NA,NA,NA,NA,NA,NA,NA,NA,NA,NA,NA,NA,NA,NA,NA,NA
2020-12-29,"Baden-Württemberg",8242,3509,3243,2994,517,933,NA,NA,NA,NA,NA,NA,NA,NA,NA,NA,NA,NA,NA,NA,NA,NA,NA,NA
2020-12-29,"Bayern",12935,7716,3010,5573,214,5314,NA,NA,NA,NA,NA,NA,NA,NA,NA,NA,NA,NA,NA,NA,NA,NA,NA,NA
2020-12-29,"Berlin",6296,2457,4918,1396,105,4899,NA,NA,NA,NA,NA,NA,NA,NA,NA,NA,NA,NA,NA,NA,NA,NA,NA,NA
2020-12-29,"Brandenburg",1553,1442,110,1430,13,123,NA,NA,NA,NA,NA,NA,NA,NA,NA,NA,NA,NA,NA,NA,NA,NA,NA,NA
2020-12-29,"Bremen",1059,467,528,201,3,579,NA,NA,NA,NA,NA,NA,NA,NA,NA,NA,NA,NA,NA,NA,NA,NA,NA,NA
2020-12-29,"Hamburg",1499,428,704,661,0,839,NA,NA,NA,NA,NA,NA,NA,NA,NA,NA,NA,NA,NA,NA,NA,NA,NA,NA
2020-12-29,"Hessen",9448,5094,3041,5092,500,3825,NA,NA,NA,NA,NA,NA,NA,NA,NA,NA,NA,NA,NA,NA,NA,NA,NA,NA
2020-12-29,"Mecklenburg-Vorpommern",7338,3711,87,4011,4,3231,NA,NA,NA,NA,NA,NA,NA,NA,NA,NA,NA,NA,NA,NA,NA,NA,NA,NA
2020-12-29,"Niedersachsen",1527,692,83,824,145,794,NA,NA,NA,NA,NA,NA,NA,NA,NA,NA,NA,NA,NA,NA,NA,NA,NA,NA
2020-12-29,"Nordrhein-Westfalen",11385,3857,0,2771,0,8622,NA,NA,NA,NA,NA,NA,NA,NA,NA,NA,NA,NA,NA,NA,NA,NA,NA,NA
2020-12-29,"Rheinland-Pfalz",2284,822,0,1011,0,1273,NA,NA,NA,NA,NA,NA,NA,NA,NA,NA,NA,NA,NA,NA,NA,NA,NA,NA
2020-12-29,"Saarland",1518,656,1177,101,0,711,NA,NA,NA,NA,NA,NA,NA,NA,NA,NA,NA,NA,NA,NA,NA,NA,NA,NA
2020-12-29,"Sachsen",1487,812,150,1294,1,192,NA,NA,NA,NA,NA,NA,NA,NA,NA,NA,NA,NA,NA,NA,NA,NA,NA,NA
2020-12-29,"Sachsen-Anhalt",7287,3302,2620,3209,262,3942,NA,NA,NA,NA,NA,NA,NA,NA,NA,NA,NA,NA,NA,NA,NA,NA,NA,NA
2020-12-29,"Schleswig-Holstein",3579,1893,1016,1858,871,1698,NA,NA,NA,NA,NA,NA,NA,NA,NA,NA,NA,NA,NA,NA,NA,NA,NA,NA
2020-12-29,"Thüringen",672,415,226,252,0,327,NA,NA,NA,NA,NA,NA,NA,NA,NA,NA,NA,NA,NA,NA,NA,NA,NA,NA
2020-12-28,"Baden-Württemberg**",4721,2560,1720,1877,326,192,NA,NA,NA,NA,NA,NA,NA,NA,NA,NA,NA,NA,NA,NA,NA,NA,NA,NA
2020-12-28,"Bayern",5219,1830,1457,1830,91,2423,NA,NA,NA,NA,NA,NA,NA,NA,NA,NA,NA,NA,NA,NA,NA,NA,NA,NA
2020-12-28,"Berlin",3839,2213,3340,517,105,3322,NA,NA,NA,NA,NA,NA,NA,NA,NA,NA,NA,NA,NA,NA,NA,NA,NA,NA
2020-12-28,"Brandenburg**",107,75,60,47,NA,60,NA,NA,NA,NA,NA,NA,NA,NA,NA,NA,NA,NA,NA,NA,NA,NA,NA,NA
2020-12-28,"Bremen**",592,174,276,133,NA,278,NA,NA,NA,NA,NA,NA,NA,NA,NA,NA,NA,NA,NA,NA,NA,NA,NA,NA
2020-12-28,"Hamburg",1071,626,507,471,NA,600,NA,NA,NA,NA,NA,NA,NA,NA,NA,NA,NA,NA,NA,NA,NA,NA,NA,NA
2020-12-28,"Hessen",4354,1242,1480,2425,287,1702,NA,NA,NA,NA,NA,NA,NA,NA,NA,NA,NA,NA,NA,NA,NA,NA,NA,NA
2020-12-28,"Mecklenburg-Vorpommern",4170,3488,100,1862,2,2209,NA,NA,NA,NA,NA,NA,NA,NA,NA,NA,NA,NA,NA,NA,NA,NA,NA,NA
2020-12-28,"Niedersachsen",835,501,79,370,141,552,NA,NA,NA,NA,NA,NA,NA,NA,NA,NA,NA,NA,NA,NA,NA,NA,NA,NA
2020-12-28,"Nordrhein-Westfalen",7136,518,NA,1788,NA,5348,NA,NA,NA,NA,NA,NA,NA,NA,NA,NA,NA,NA,NA,NA,NA,NA,NA,NA
2020-12-28,"Rheinland-Pfalz",1462,210,NA,715,NA,747,NA,NA,NA,NA,NA,NA,NA,NA,NA,NA,NA,NA,NA,NA,NA,NA,NA,NA
2020-12-28,"Saarland",862,647,658,51,NA,466,NA,NA,NA,NA,NA,NA,NA,NA,NA,NA,NA,NA,NA,NA,NA,NA,NA,NA
2020-12-28,"Sachsen",857,675,240,551,1,305,NA,NA,NA,NA,NA,NA,NA,NA,NA,NA,NA,NA,NA,NA,NA,NA,NA,NA
2020-12-28,"Sachsen-Anhalt",3985,2481,1592,1678,124,2292,NA,NA,NA,NA,NA,NA,NA,NA,NA,NA,NA,NA,NA,NA,NA,NA,NA,NA
2020-12-28,"Schleswig-Holstein",2495,1686,588,528,584,1136,NA,NA,NA,NA,NA,NA,NA,NA,NA,NA,NA,NA,NA,NA,NA,NA,NA,NA
2020-12-28,"Thüringen",257,158,135,121,NA,135,NA,NA,NA,NA,NA,NA,NA,NA,NA,NA,NA,NA,NA,NA,NA,NA,NA,NA
2020-12-27,"Baden-Württemberg*",2084,NA,624,964,151,NA,NA,NA,NA,NA,NA,NA,NA,NA,NA,NA,NA,NA,NA,NA,NA,NA,NA,NA
2020-12-27,"Bayern",3389,NA,994,1051,68,1620,NA,NA,NA,NA,NA,NA,NA,NA,NA,NA,NA,NA,NA,NA,NA,NA,NA,NA
2020-12-27,"Berlin",1626,NA,1416,228,105,1398,NA,NA,NA,NA,NA,NA,NA,NA,NA,NA,NA,NA,NA,NA,NA,NA,NA,NA
2020-12-27,"Brandenburg",100,NA,80,20,NA,12,NA,NA,NA,NA,NA,NA,NA,NA,NA,NA,NA,NA,NA,NA,NA,NA,NA,NA
2020-12-27,"Bremen*",420,NA,205,87,NA,NA,NA,NA,NA,NA,NA,NA,NA,NA,NA,NA,NA,NA,NA,NA,NA,NA,NA,NA
2020-12-27,"Hamburg",445,NA,197,222,0,223,NA,NA,NA,NA,NA,NA,NA,NA,NA,NA,NA,NA,NA,NA,NA,NA,NA,NA
2020-12-27,"Hessen",3112,NA,1086,1694,154,1347,NA,NA,NA,NA,NA,NA,NA,NA,NA,NA,NA,NA,NA,NA,NA,NA,NA,NA
2020-12-27,"Mecklenburg-Vorpommern*",590,NA,NA,240,NA,350,NA,NA,NA,NA,NA,NA,NA,NA,NA,NA,NA,NA,NA,NA,NA,NA,NA,NA
2020-12-27,"Niedersachsen",334,NA,42,116,140,306,NA,NA,NA,NA,NA,NA,NA,NA,NA,NA,NA,NA,NA,NA,NA,NA,NA,NA
2020-12-27,"Nordrhein-Westfalen*",5405,NA,NA,1370,NA,3985,NA,NA,NA,NA,NA,NA,NA,NA,NA,NA,NA,NA,NA,NA,NA,NA,NA,NA
2020-12-27,"Rheinland-Pfalz*",1252,NA,NA,620,NA,632,NA,NA,NA,NA,NA,NA,NA,NA,NA,NA,NA,NA,NA,NA,NA,NA,NA,NA
2020-12-27,"Saarland",215,NA,168,4,NA,211,NA,NA,NA,NA,NA,NA,NA,NA,NA,NA,NA,NA,NA,NA,NA,NA,NA,NA
2020-12-27,"Sachsen",182,NA,90,69,0,113,NA,NA,NA,NA,NA,NA,NA,NA,NA,NA,NA,NA,NA,NA,NA,NA,NA,NA
2020-12-27,"Sachsen-Anhalt**",1504,1357,669,644,0,847,NA,NA,NA,NA,NA,NA,NA,NA,NA,NA,NA,NA,NA,NA,NA,NA,NA,NA
2020-12-27,"Schleswig-Holstein",809,NA,213,239,344,553,NA,NA,NA,NA,NA,NA,NA,NA,NA,NA,NA,NA,NA,NA,NA,NA,NA,NA
2020-12-27,"Thüringen",99,NA,49,50,NA,49,NA,NA,NA,NA,NA,NA,NA,NA,NA,NA,NA,NA,NA,NA,NA,NA,NA,NA
